sku,product_name,category,price_inr,width_mm,depth_mm,height_mm,installation_type,rough_in_mm,finish,collection,features,source_url,dimension_source,dimension_unit,spatial_ready,dimension_status,accessibility_rating,sustainability_rating,accessibility_basis,sustainability_basis,rating_provenance
K-29777IN-0,"Innate™ One-piece elongated smart toilet, dual-flush",smart_toilet,379999.0,429,411,620.0,,,,,"Compact, streamlined one-piece smart toilet with integrated personal cleansing | Compact elongated bowl offers added comfort while requiring less space | Fully skirted trapway simplifies cleaning | Quiet-Close™ elongated lid and seat prevents slamming | One-piece elongated smart toilet, dual-flush",https://www.kohler.co.in/p/toilets/innate-one-piece-elongated-smart-toilet-dual-flush-29777in,additional_information,mm,True,valid,92.0,90.0,"Estimated planning score based on installation type, dimensions and spatial planning characteristics.","Estimated planning score based on available catalog features such as water-use information, product type and installation characteristics.",estimated_from_catalog
K-5401IN-0,Veil™ Smart One-piece Toilet,smart_toilet,577999.0,670,438,533.0,,,,,"Compact, streamlined one-piece Smart Toilet with integrated personal cleansing. | Elongated bowl offers added room and comfort. | Tankless design with direct water supply.",https://www.kohler.co.in/p/toilets/veil-smart-one-piece-toilet-5401in,spec_pdf,mm,True,valid,92.0,88.0,"Estimated planning score based on installation type, dimensions and spatial planning characteristics.","Estimated planning score based on available catalog features such as water-use information, product type and installation characteristics.",estimated_from_catalog
K-3983IN-S-0,"Reach™ One-piece round-front toilet with skirted trapway, dual-flush",toilet,13769.0,366,724,722.0,,,,,"One-piece toilets integrate the tank and bowl into a seamless, easy-to-clean design | Round-front bowl offers an ideal solution for smaller bathrooms and powder rooms | One-piece round-front toilet with skirted trapway, dual-flush",https://www.kohler.co.in/p/toilets/reach-one-piece-round-front-toilet-with-skirted-trapway-dual-flush-3983in-s,additional_information,mm,True,valid,75.0,90.0,"Estimated planning score based on installation type, dimensions and spatial planning characteristics.","Estimated planning score based on available catalog features such as water-use information, product type and installation characteristics.",estimated_from_catalog
K-8688T-S-0,"San Raphael Grande™ One-piece elongated toilet with skirted trapway, 4.8 lpf",toilet,42839.0,521,736,624.0,,,,san raphael grande,"One-piece toilets integrate the tank and bowl into a seamless, easy-to-clean design Elongated bowl offers added room and comfort Rim-to-floor height: 39 cm (15-3/8 inches) 1.28 gpf (4.8 lpf) Left-hand trip lever | One-piece toilets integrate the tank and bowl into a seamless, easy-to-clean design | Elongated bowl offers added room and comfort | One-piece elongated toilet with skirted trapway, 4.8 lpf",https://www.kohler.co.in/p/toilets/san-raphael-grande-one-piece-elongated-toilet-with-skirted-trapway-4-8-lpf-8688t-s,additional_information,mm,True,valid,75.0,80.0,"Estimated planning score based on installation type, dimensions and spatial planning characteristics.","Estimated planning score based on available catalog features such as water-use information, product type and installation characteristics.",estimated_from_catalog
K-1381T-S-0,"Veil™ One-piece elongated toilet with skirted trapway, dual-flush",toilet,28559.0,387,725,692.0,Floor-mount,,,veil,"One-piece toilets integrate the tank and bowl into a seamless, easy-to-clean design | Elongated bowl offers added room and comfort | One-piece elongated toilet with skirted trapway, dual-flush",https://www.kohler.co.in/p/toilets/veil-one-piece-elongated-toilet-with-skirted-trapway-dual-flush-1381t-s,additional_information,mm,True,valid,92.0,90.0,"Estimated planning score based on installation type, dimensions and spatial planning characteristics.","Estimated planning score based on available catalog features such as water-use information, product type and installation characteristics.",estimated_from_catalog
K-31601IN-E64,Forefront™ 90 cm wall-hung bathroom vanity cabinet,vanity,102739.0,900,520,520.0,Wall-hung,,,,"Bathroom vanity cabinet Wall-hung design offers a clean, streamlined look Rounded edges to coordinate with Forefront™ bathroom sinks One left-hinged door with interior shelf and one right-side drawer | Wall-hung design offers a clean, streamlined look | Rounded edges to coordinate with Forefront™ bathroom sinks | 90 cm wall-hung bathroom vanity cabinet",https://www.kohler.co.in/p/bathroom-vanity/forefront-900-mm-wall-hung-bathroom-vanity-cabinet-31601in,additional_information,mm,True,valid,82.0,74.0,"Estimated planning score based on installation type, dimensions and spatial planning characteristics.","Estimated planning score based on available catalog features such as water-use information, product type and installation characteristics.",estimated_from_catalog
K-30459IN-MWF,Luxe™ 75 cm wall-hung bathroom vanity cabinet,vanity,105399.0,750,580,430.0,Wall-hung,,,,Clean and timeless design allows for use in any interior space | Pair with any vanity top cut to size and choice of KOHLER® vessel bathroom sink (sold separately) | 75 cm wall-hung bathroom vanity cabinet,https://www.kohler.co.in/p/bathroom-vanity/luxe-750-mm-wall-hung-bathroom-vanity-cabinet-30459in,additional_information,mm,True,valid,82.0,74.0,"Estimated planning score based on installation type, dimensions and spatial planning characteristics.","Estimated planning score based on available catalog features such as water-use information, product type and installation characteristics.",estimated_from_catalog
K-30460IN-MWF,Luxe™ 90 cm wall-hung bathroom vanity cabinet,vanity,115849.0,900,580,430.0,Wall-hung,,,,Clean and timeless design allows for use in any interior space | Pair with any vanity top cut to size and choice of KOHLER® vessel bathroom sink (sold separately) | 90 cm wall-hung bathroom vanity cabinet,https://www.kohler.co.in/p/bathroom-vanity/luxe-900-mm-wall-hung-bathroom-vanity-cabinet-30460in,additional_information,mm,True,valid,82.0,74.0,"Estimated planning score based on installation type, dimensions and spatial planning characteristics.","Estimated planning score based on available catalog features such as water-use information, product type and installation characteristics.",estimated_from_catalog
K-30457IN-MWF,Prologue™ 75 cm wall-hung bathroom vanity cabinet,vanity,111099.0,740,580,430.0,Wall-hung,,,,Two full-extension 12-1/2 inch (31.9 cm) soft-close drawers with integrated pull handles | Clean and timeless design allows for use in any interior space | Pair with any vanity top cut to size and choice of KOHLER® vessel bathroom sink (sold separately) | 75 cm wall-hung bathroom vanity cabinet,https://www.kohler.co.in/p/bathroom-vanity/prologue-750-mm-wall-hung-bathroom-vanity-cabinet-30457in,additional_information,mm,True,valid,82.0,74.0,"Estimated planning score based on installation type, dimensions and spatial planning characteristics.","Estimated planning score based on available catalog features such as water-use information, product type and installation characteristics.",estimated_from_catalog
K-21060IN-0,Brazn™ 58.4 cm rectangular vessel bathroom sink,basin,14279.0,407,584,178.0,,,,,Rectangular basin 58.4 cm (23 inch) x 40.6 cm (16 inch) Center drain Brass drain and color-matched brass drain cover With overflow View More | Rectangular basin 58.4 cm (23 inch) x 40.6 cm (16 inch) Center drain Brass drain and color-matched brass drain cover With overflow | 58.4 cm rectangular vessel bathroom sink,https://www.kohler.co.in/p/washbasins/brazn-vessel-bathroom-sink-21060in,additional_information,mm,True,valid,75.0,74.0,"Estimated planning score based on installation type, dimensions and spatial planning characteristics.","Estimated planning score based on available catalog features such as water-use information, product type and installation characteristics.",estimated_from_catalog
K-2211IN-0,Caxton™ 54 cm undercounter lavatory,basin,4319.0,438,536,188.0,,,,,Transitional design combines the best of modern and classic styles Oval basin No faucet holes; requires wall- or deck-mount faucet Rear drain and overflow | Transitional design combines the best of modern and classic styles,https://www.kohler.co.in/p/washbasins/caxton-big-undercounter-lavatory-2211in,additional_information,mm,True,valid,85.0,74.0,"Estimated planning score based on installation type, dimensions and spatial planning characteristics.","Estimated planning score based on available catalog features such as water-use information, product type and installation characteristics.",estimated_from_catalog
K-2200IN-0,"Conical Bell™ 41.3 cm round vessel bathroom sink with glazed underside, no overflow",basin,6399.0,413,413,162.0,,,,,"Traditional design creates a classic look Round basin No faucet holes; requires wall- or tall deck-mount faucet Center drain, no overflow Glazed underside offers beauty from all angles | Traditional design creates a classic look | 1 VESSEL; 1 INST.INSTR;1 WARRANTY CARD | 41.3 cm round vessel bathroom sink with glazed underside, no overflow",https://www.kohler.co.in/p/washbasins/conical-bell-413-mm-round-vessel-bathroom-sink-with-glazed-underside-no-overflow-2200in,additional_information,mm,True,valid,85.0,74.0,"Estimated planning score based on installation type, dimensions and spatial planning characteristics.","Estimated planning score based on available catalog features such as water-use information, product type and installation characteristics.",estimated_from_catalog
K-75374IN-1-0,"Forefront™ 46 cm square vessel bathroom sink with glazed underside, no overflow",basin,9879.0,460,413,152.0,,,,,Contemporary design makes a modern statement Square basin Rounded corners are easy to clean An integrated faucet deck provides additional water containment Single faucet hole at deck center View More | Contemporary design makes a modern statement Square basin Rounded corners are easy to clean An integrated faucet deck provides additional water containment Single faucet hole at deck center | Contemporary design makes a modern statement | Rounded corners are easy to clean | An integrated faucet deck provides additional water containment,https://www.kohler.co.in/p/washbasins/forefront-sq-w-deck-75374in-1,additional_information,mm,True,valid,75.0,74.0,"Estimated planning score based on installation type, dimensions and spatial planning characteristics.","Estimated planning score based on available catalog features such as water-use information, product type and installation characteristics.",estimated_from_catalog
K-5373IN-0,Forefront™ 58 cm rectangular vessel bathroom sink,basin,14439.0,410,575,174.0,,,,,Deep rectangular basin with a contemporary design minimizes splash No faucet holes; requires wall- or deck-mount faucet Center drain With overflow and overflow cover | Deep rectangular basin with a contemporary design minimizes splash | 1 VESSEL;1 INSTALLATION TEMPLATE AND 1 WARRANTY CARD | 58 cm rectangular vessel bathroom sink,https://www.kohler.co.in/p/washbasins/forefront-580-mm-rectangular-vessel-bathroom-sink-5373in,additional_information,mm,True,valid,85.0,74.0,"Estimated planning score based on installation type, dimensions and spatial planning characteristics.","Estimated planning score based on available catalog features such as water-use information, product type and installation characteristics.",estimated_from_catalog
K-75375IN-0,"Forefront™ 89 cm rectangular vessel bathroom sink, no overflow",basin,37399.0,397,889,139.0,,,,,"Contemporary design makes a modern statement Elongated, rectangular basin Shallow basin creates a sleek look No faucet holes; requires wall- or deck-mount faucet Without overflow View More | Contemporary design makes a modern statement Elongated, rectangular basin Shallow basin creates a sleek look No faucet holes; requires wall- or deck-mount faucet Without overflow | Contemporary design makes a modern statement | Elongated, rectangular basin | 89 cm rectangular vessel bathroom sink, no overflow",https://www.kohler.co.in/p/washbasins/forefront-890-mm-rectangular-vessel-bathroom-sink-no-overflow-75375in,additional_information,mm,True,valid,85.0,74.0,"Estimated planning score based on installation type, dimensions and spatial planning characteristics.","Estimated planning score based on available catalog features such as water-use information, product type and installation characteristics.",estimated_from_catalog
K-98930X-1-0,Forefront™ Semi-recessed bathroom sink,basin,11019.0,465,430,174.0,,,,,"Features a symmetrical, square deep basin with rounded edges in true minimalist fashion Single-hole faucet installation | Features a symmetrical, square deep basin with rounded edges in true minimalist fashion | 1 VESSEL 1 INSTL. INSTR. OR CUTOUT TEMPLATE 1 WARRANTY CARD",https://www.kohler.co.in/p/washbasins/forefront-semi-recessed-bathroom-sink-98930x-1,additional_information,mm,True,valid,75.0,74.0,"Estimated planning score based on installation type, dimensions and spatial planning characteristics.","Estimated planning score based on available catalog features such as water-use information, product type and installation characteristics.",estimated_from_catalog
K-28783IN-0,"KOHLER VIVE® 54.7 cm oval vessel bathroom sink, no overflow",basin,11399.0,397,548,173.0,,,,,Elongated oval basin Sleek and contemporary design Unique front slotted drain creates a sleek look Hidden drain connector maintains design continuity Without overflow View More | Elongated oval basin Sleek and contemporary design Unique front slotted drain creates a sleek look Hidden drain connector maintains design continuity Without overflow | Sleek and contemporary design | Hidden drain connector maintains design continuity | PACKAGE CONTENT: 1 VESSEL;1 CUTOUT TEMPLATE;1 WARRANTY CARD,https://www.kohler.co.in/p/washbasins/vive-547-mm-oval-vessel-bathroom-sink-no-overflow-28783in,additional_information,mm,True,valid,75.0,74.0,"Estimated planning score based on installation type, dimensions and spatial planning characteristics.","Estimated planning score based on available catalog features such as water-use information, product type and installation characteristics.",estimated_from_catalog
K-28784IN-0,"KOHLER VIVE® 55.2 cm rectangular vessel bathroom sink, no overflow",basin,12159.0,397,547,173.0,,,,kohler vive,Rectangular basin with rounded corners Sleek and contemporary design Unique front slotted drain creates a sleek look Hidden drain connector maintains design continuity Without overflow View More | Rectangular basin with rounded corners Sleek and contemporary design Unique front slotted drain creates a sleek look Hidden drain connector maintains design continuity Without overflow | Rectangular basin with rounded corners | Sleek and contemporary design | Hidden drain connector maintains design continuity,https://www.kohler.co.in/p/washbasins/vive-552-mm-rectangular-vessel-bathroom-sink-no-overflow-28784in,additional_information,mm,True,valid,75.0,74.0,"Estimated planning score based on installation type, dimensions and spatial planning characteristics.","Estimated planning score based on available catalog features such as water-use information, product type and installation characteristics.",estimated_from_catalog
K-2215IN-2-0,Ladena™ 58.1 cm rectangular undercounter bathroom sink,basin,7599.0,524,346,206.0,,,,,Rectangular basin with curved bottom No faucet holes; requires wall- or deck-mount faucet Offset drain increases workspace in the sink and storage space underneath With overflow | Rectangular basin with curved bottom | 58.1 cm rectangular undercounter bathroom sink,https://www.kohler.co.in/p/washbasins/ladena-581mm-x-402mm-undercounter-basin-in-white-2215in-2,additional_information,mm,True,valid,85.0,74.0,"Estimated planning score based on installation type, dimensions and spatial planning characteristics.","Estimated planning score based on available catalog features such as water-use information, product type and installation characteristics.",estimated_from_catalog
K-2241IN-1-0,Memoirs™ 57.8 cm rectangular self-rimming bathroom sink with glazed underside,basin,11399.0,459,579,220.0,,,,,Traditional design creates a classic look Elegant rectangular basin and deck Single faucet hole at deck center With overflow Glazed underside View More | Traditional design creates a classic look Elegant rectangular basin and deck Single faucet hole at deck center With overflow Glazed underside | Traditional design creates a classic look | Elegant rectangular basin and deck | 57.8 cm rectangular self-rimming bathroom sink with glazed underside,https://www.kohler.co.in/p/washbasins/memoirs-self-rimming-lavatory-with-single-faucet-hole-2241in-1,additional_information,mm,True,valid,75.0,74.0,"Estimated planning score based on installation type, dimensions and spatial planning characteristics.","Estimated planning score based on available catalog features such as water-use information, product type and installation characteristics.",estimated_from_catalog
K-2241IN-8-0,"Memoirs™ 57.9x45.9 cm sr, widespread th",basin,10639.0,579,459,220.0,,,,,8 inch (20.3 cm) centerset faucet holes. Elegant rectangular basin. Overflow drain. Coordinates with other products in the Memoirs collection. | Elegant rectangular basin.,https://www.kohler.co.in/p/washbasins/memoirs-579-x-459-mm-sr-widespread-th-2241in-8,additional_information,mm,True,valid,75.0,74.0,"Estimated planning score based on installation type, dimensions and spatial planning characteristics.","Estimated planning score based on available catalog features such as water-use information, product type and installation characteristics.",estimated_from_catalog
K-90011T-0,Mica™ Vessel sink,basin,14279.0,150,393,158.0,,,,,Sleek and contemporary design No faucet holes; requires wall- or counter-mount faucet | Sleek and contemporary design,https://www.kohler.co.in/p/washbasins/mica-vessel-sink-90011t,,mm,True,valid,85.0,74.0,"Estimated planning score based on installation type, dimensions and spatial planning characteristics.","Estimated planning score based on available catalog features such as water-use information, product type and installation characteristics.",estimated_from_catalog
K-21226IN-HP1,"ModernLife Edge™ 60 cm rectangular vessel bathroom sink, no overflow",basin,25839.0,396,600,119.0,,,,modernlife edge,Contemporary design makes a modern statement Rectangular basin with rounded corners No faucet holes; requires wall- or deck-mount faucet Without overflow Part of the ModernLife Edge collection View More | Contemporary design makes a modern statement Rectangular basin with rounded corners No faucet holes; requires wall- or deck-mount faucet Without overflow Part of the ModernLife Edge collection | Contemporary design makes a modern statement | Rectangular basin with rounded corners | Part of the ModernLife Edge collection,https://www.kohler.co.in/p/washbasins/600mm-edge-vessel-basin-without-faucet-hole-in-thunder-grey-21226in,additional_information,mm,True,valid,85.0,74.0,"Estimated planning score based on installation type, dimensions and spatial planning characteristics.","Estimated planning score based on available catalog features such as water-use information, product type and installation characteristics.",estimated_from_catalog
K-21226IN-SS-0,ModernLife® Edge 60 cm Edge Vessel Basin,basin,18359.0,400,600,133.0,,,,modernlife edge,"A new thin ModernLife Edge vessel, with a 40% thinner edge (6mm) Only drain-cut required, no core cutting needed Compatible with all Kohler tall faucets & wall-mount faucets Without overflow channel | A new thin ModernLife Edge vessel, with a 40% thinner edge (6mm)",https://www.kohler.co.in/p/washbasins/modernlife-edge-edge-600-vessel-21226in-ss,additional_information,mm,True,valid,85.0,74.0,"Estimated planning score based on installation type, dimensions and spatial planning characteristics.","Estimated planning score based on available catalog features such as water-use information, product type and installation characteristics.",estimated_from_catalog
K-31343IN-SS-0,Nysa Vessel Basin Without Faucet Hole In White,basin,15639.0,423,633,139.0,,,,,"Vessel Basin Without Faucet Hole In White | An expressive premium vessel, with differentiated form - to move beyond convention and make vessels centrepiece of the bathroom.",https://www.kohler.co.in/p/washbasins/nysa-vessel-basin-without-faucet-hole-in-white-31343in-ss,additional_information,mm,True,valid,75.0,74.0,"Estimated planning score based on installation type, dimensions and spatial planning characteristics.","Estimated planning score based on available catalog features such as water-use information, product type and installation characteristics.",estimated_from_catalog
K-31459IN-0,Span Square vessel w/o deck 48x34 cm,basin,5599.0,344,485,141.0,,,,,"Square vessel w/o deck 48x34 cm | Span square vessel without deck, 48x34 cm. | Dimensions designed to contain splash. | Fits into any minimalist bathroom environment.",https://www.kohler.co.in/p/washbasins/span-square-vessel-w-o-deck-480x340mm-31459in,additional_information,mm,True,valid,75.0,74.0,"Estimated planning score based on installation type, dimensions and spatial planning characteristics.","Estimated planning score based on available catalog features such as water-use information, product type and installation characteristics.",estimated_from_catalog
K-31461IN-0,Span™ 57 cm wall-mount corner bathroom sink,basin,4799.0,487,569,172.0,,,,,Sleek and contemporary design Basin with square back and curved front Round basin Single faucet hole at deck center Center drain and overflow View More | Sleek and contemporary design Basin with square back and curved front Round basin Single faucet hole at deck center Center drain and overflow | Sleek and contemporary design,https://www.kohler.co.in/p/washbasins/span-wall-mount-basin-with-single-faucet-hole-in-white-31461in,additional_information,mm,True,valid,75.0,74.0,"Estimated planning score based on installation type, dimensions and spatial planning characteristics.","Estimated planning score based on available catalog features such as water-use information, product type and installation characteristics.",estimated_from_catalog
K-31347IN-0,Sveda™ 66.3 cm oval vessel bathroom sink,basin,21759.0,425,663,193.0,Vessel,,,,66.3 cm oval vessel bathroom sink,https://www.kohler.co.in/p/washbasins/sveda-663-mm-oval-vessel-bathroom-sink-31347in,,mm,True,valid,75.0,74.0,"Estimated planning score based on installation type, dimensions and spatial planning characteristics.","Estimated planning score based on available catalog features such as water-use information, product type and installation characteristics.",estimated_from_catalog
K-2661IN-0,Vox™ 41.3 cm square vessel bathroom sink,basin,10259.0,460,585,117.0,,,,,"Deep square basin with a contemporary design minimizes splash No faucet holes; requires wall- or deck-mount faucet Center drain With overflow and overflow cover | Deep square basin with a contemporary design minimizes splash | 1 VESSEL, 1 WARRANTY CARD, 1 CUTOUT TEMPLATE | 41.3 cm square vessel bathroom sink",https://www.kohler.co.in/p/washbasins/vox-square-vessel-lavatory-without-faucet-hole-2661in,additional_information,mm,True,valid,85.0,74.0,"Estimated planning score based on installation type, dimensions and spatial planning characteristics.","Estimated planning score based on available catalog features such as water-use information, product type and installation characteristics.",estimated_from_catalog
K-33059IN-4ND-CP,"Accliv™ Single-handle bathroom sink faucet with paddle handle, 15.1 lpm",faucet,5609.0,51,378,152.0,,,,accliv,,https://www.kohler.co.in/p/washbasins/accliv-single-handle-bathroom-sink-faucet-with-paddle-handle-15-1-lpm-33059in-4nd,additional_information,mm,True,valid,80.0,78.0,"Estimated planning score based on installation type, dimensions and spatial planning characteristics.","Estimated planning score based on available catalog features such as water-use information, product type and installation characteristics.",estimated_from_catalog
K-33063IN-4ND-CP,"Accliv™ Tall single-handle bathroom sink faucet with paddle handle, 9.0 lpm",faucet,7339.0,54,378,240.0,,,,accliv,,https://www.kohler.co.in/p/washbasins/accliv-tall-single-handle-bathroom-sink-faucet-with-paddle-handle-9-0-lpm-33063in-4nd,additional_information,mm,True,valid,80.0,78.0,"Estimated planning score based on installation type, dimensions and spatial planning characteristics.","Estimated planning score based on available catalog features such as water-use information, product type and installation characteristics.",estimated_from_catalog
K-72312IN-4ND-BN,"Aleo+™ Single-handle bathroom faucet, 14.0 lpm",faucet,13769.0,50,101,86.0,,,,aleo,"Sleek, minimalist design Single Lever handle allows for on/off activation, volume, and temperature control 3.33 inch (85 mm) spout height 4 inch (10.2 cm) spout reach Laminar flow View More | Sleek, minimalist design Single Lever handle allows for on/off activation, volume, and temperature control 3.33 inch (85 mm) spout height 4 inch (10.2 cm) spout reach Laminar flow",https://www.kohler.co.in/p/washbasins/aleo-lavatory-faucet-without-drain-72312in-4nd,additional_information,mm,True,valid,80.0,84.0,"Estimated planning score based on installation type, dimensions and spatial planning characteristics.","Estimated planning score based on available catalog features such as water-use information, product type and installation characteristics.",estimated_from_catalog
K-72337IN-4ND-CP,"Aleo+™ Tall single-handle bathroom sink faucet, 14.0 lpm",faucet,14319.0,56,208,267.0,,,,aleo,Tall height is ideal for vessel-style sinks,https://www.kohler.co.in/p/washbasins/aleo-tall-single-handle-bathroom-sink-faucet-14-0-lpm-72337in-4nd,additional_information,mm,True,valid,80.0,78.0,"Estimated planning score based on installation type, dimensions and spatial planning characteristics.","Estimated planning score based on available catalog features such as water-use information, product type and installation characteristics.",estimated_from_catalog
K-72275IN-4ND-RGD,"Aleo™ Single-handle bathroom sink faucet, 14.0 lpm",faucet,14399.0,50,102,142.0,,,,aleo,,https://www.kohler.co.in/p/washbasins/aleo-lavatory-faucet-without-drain-72275in-4nd,additional_information,mm,True,valid,80.0,78.0,"Estimated planning score based on installation type, dimensions and spatial planning characteristics.","Estimated planning score based on available catalog features such as water-use information, product type and installation characteristics.",estimated_from_catalog
K-72298IN-4ND-RGD,"Aleo™ Tall single-handle bathroom sink faucet, 8.9 lpm",faucet,17969.0,56,160,268.0,,,,aleo,"Tall height is ideal for vessel-style sinks Single Lever handle allows for on/off activation, volume, and temperature control Aerated flow 16 cm (6.3 inch) spout reach 8.33 inch (21.2 cm) spout height View More | Tall height is ideal for vessel-style sinks Single Lever handle allows for on/off activation, volume, and temperature control Aerated flow 16 cm (6.3 inch) spout reach 8.33 inch (21.2 cm) spout height | Tall height is ideal for vessel-style sinks",https://www.kohler.co.in/p/washbasins/aleo-tall-lavatory-faucet-without-drain-72298in-4nd,additional_information,mm,True,valid,80.0,84.0,"Estimated planning score based on installation type, dimensions and spatial planning characteristics.","Estimated planning score based on available catalog features such as water-use information, product type and installation characteristics.",estimated_from_catalog
K-97347T-4-RGD,Avid™ Tall single-handle bathroom sink faucet,faucet,51419.0,51,198,253.0,,,,avid,,https://www.kohler.co.in/p/washbasins/avid-tall-single-handle-bathroom-sink-faucet-97347t-4,additional_information,mm,True,valid,80.0,78.0,"Estimated planning score based on installation type, dimensions and spatial planning characteristics.","Estimated planning score based on available catalog features such as water-use information, product type and installation characteristics.",estimated_from_catalog
K-26042IN-4-CP,"Beam™ Single-handle bathroom sink faucet, cold only, 16.0 lpm",faucet,1879.0,45,100,137.0,,,,,Versatile modern design Single handle provides on/off activation and volume control For use with cold water line only 3.94 inch (100 mm) spout reach 3.46 inch (88 mm) spout height View More | Versatile modern design Single handle provides on/off activation and volume control For use with cold water line only 3.94 inch (100 mm) spout reach 3.46 inch (88 mm) spout height,https://www.kohler.co.in/p/washbasins/beam-pillar-tap-26042in-4,additional_information,mm,True,valid,80.0,78.0,"Estimated planning score based on installation type, dimensions and spatial planning characteristics.","Estimated planning score based on available catalog features such as water-use information, product type and installation characteristics.",estimated_from_catalog
K-73159IN-7-CP,"Composed™ Tall single-handle bathroom sink faucet with Cylindrical handle, 8.3 lpm",faucet,39299.0,88,222,222.0,,,,composed,"Sleek, minimalist design Tall height is ideal for vessel-style sinks Single Cylindrical handle allows for both volume and temperature control 8 inch (20.3 cm) spout height 7.13 inch (18.1 cm) spout reach View More | Sleek, minimalist design Tall height is ideal for vessel-style sinks Single Cylindrical handle allows for both volume and temperature control 8 inch (20.3 cm) spout height 7.13 inch (18.1 cm) spout reach | Tall height is ideal for vessel-style sinks",https://www.kohler.co.in/p/washbasins/composed-single-control-side-mount-tall-lavatory-faucet-with-drain-73159in-7,additional_information,mm,True,valid,80.0,78.0,"Estimated planning score based on installation type, dimensions and spatial planning characteristics.","Estimated planning score based on available catalog features such as water-use information, product type and installation characteristics.",estimated_from_catalog
K-27486IN-4-CP,"Fore Arc™ Single-handle bathroom sink faucet, cold only, 16.5 lpm",faucet,3329.0,45,108,155.0,,,,fore arc,,https://www.kohler.co.in/p/washbasins/fore-arc-single-handle-bathroom-sink-faucet-cold-only-16-5-lpm-27486in-4,additional_information,mm,True,valid,80.0,78.0,"Estimated planning score based on installation type, dimensions and spatial planning characteristics.","Estimated planning score based on available catalog features such as water-use information, product type and installation characteristics.",estimated_from_catalog
K-27485IN-4-CP,"Fore Line™ Single-handle bathroom sink faucet, cold only, 18.4 lpm",faucet,3109.0,46,96,133.0,,,,fore line,,https://www.kohler.co.in/p/washbasins/fore-line-pillar-tap-27485in-4,additional_information,mm,True,valid,80.0,78.0,"Estimated planning score based on installation type, dimensions and spatial planning characteristics.","Estimated planning score based on available catalog features such as water-use information, product type and installation characteristics.",estimated_from_catalog
K-27480IN-4ND-CP,"Fore Line™ Tall single-handle bathroom sink faucet, 11.0 lpm",faucet,6919.0,47,414,263.0,,,,fore line,"Single handle provides on/off activation, volume, and temperature control Red/blue indexing on handle 12.4 cm (4.87 inch) spout reach 20 cm (7.88 inch) spout height Tall height is ideal for vessel-style sinks View More | Single handle provides on/off activation, volume, and temperature control Red/blue indexing on handle 12.4 cm (4.87 inch) spout reach 20 cm (7.88 inch) spout height Tall height is ideal for vessel-style sinks | Tall height is ideal for vessel-style sinks",https://www.kohler.co.in/p/washbasins/fore-line-single-control-tall-lav-faucet-without-drain-27480in-4nd,,mm,True,valid,80.0,78.0,"Estimated planning score based on installation type, dimensions and spatial planning characteristics.","Estimated planning score based on available catalog features such as water-use information, product type and installation characteristics.",estimated_from_catalog
K-27477IN-4ND-CP,"Fore Tri™ Single-handle bathroom sink faucet, 19.2 lpm",faucet,5109.0,47,99,148.0,,,,fore tri,"Sleek and contemporary design Single handle provides on/off activation, volume, and temperature control Red/blue indexing on handle 3.94 inch (100 mm) spout reach 5.81 inch (14.8 cm) spout height View More | Sleek and contemporary design Single handle provides on/off activation, volume, and temperature control Red/blue indexing on handle 3.94 inch (100 mm) spout reach 5.81 inch (14.8 cm) spout height | Sleek and contemporary design",https://www.kohler.co.in/p/washbasins/fore-tri-single-control-lav-faucet-without-drain-27477in-4nd,additional_information,mm,True,valid,80.0,78.0,"Estimated planning score based on installation type, dimensions and spatial planning characteristics.","Estimated planning score based on available catalog features such as water-use information, product type and installation characteristics.",estimated_from_catalog
K-27484IN-4-CP,"Fore Tri™ Single-handle bathroom sink faucet, cold only, 16.0 lpm",faucet,2919.0,45,98,134.0,,,,,Sleek and contemporary design Single handle provides on/off activation and volume control For use with cold water line only 3.85 inch (98 mm) spout reach 3.32 inch (84 mm) spout height View More | Sleek and contemporary design Single handle provides on/off activation and volume control For use with cold water line only 3.85 inch (98 mm) spout reach 3.32 inch (84 mm) spout height | Sleek and contemporary design,https://www.kohler.co.in/p/washbasins/foretri-pillar-tap-27484in-4,additional_information,mm,True,valid,80.0,78.0,"Estimated planning score based on installation type, dimensions and spatial planning characteristics.","Estimated planning score based on available catalog features such as water-use information, product type and installation characteristics.",estimated_from_catalog
K-75377IN-4-CP,"July™ Single-handle bathroom sink faucet, cold only, 27.0 lpm",faucet,1719.0,46,90,136.0,,,,july,Versatile modern design Single Lever handle provides on/off activation and volume control For use with cold water line only 90 mm (3.5 inch) spout reach 75 mm (2.95 inch) spout height View More | Versatile modern design Single Lever handle provides on/off activation and volume control For use with cold water line only 90 mm (3.5 inch) spout reach 75 mm (2.95 inch) spout height,https://www.kohler.co.in/p/washbasins/july-pillar-tap-75377in-4,additional_information,mm,True,valid,80.0,78.0,"Estimated planning score based on installation type, dimensions and spatial planning characteristics.","Estimated planning score based on available catalog features such as water-use information, product type and installation characteristics.",estimated_from_catalog
K-23966IN-4ND-CP,"KOHLER VIVE® Single-handle bathroom sink faucet, 7.0 lpm",faucet,8279.0,48,117,241.0,,,,kohler vive,,https://www.kohler.co.in/p/washbasins/vive-lav-faucet-w-o-drain-23966in-4nd,additional_information,mm,True,valid,80.0,78.0,"Estimated planning score based on installation type, dimensions and spatial planning characteristics.","Estimated planning score based on available catalog features such as water-use information, product type and installation characteristics.",estimated_from_catalog
K-23968IN-4-CP,"KOHLER VIVE® Single-handle bathroom sink faucet, cold only, 5.3 lpm",faucet,4139.0,45,96,170.0,,,,kohler vive,Sleek contemporary design For use with cold water line only Single Lever handle provides on/off activation and volume control 96 mm (3.76 inch) spout reach 56 mm (2.2 inch) spout height View More | Sleek contemporary design For use with cold water line only Single Lever handle provides on/off activation and volume control 96 mm (3.76 inch) spout reach 56 mm (2.2 inch) spout height | Sleek contemporary design,https://www.kohler.co.in/p/washbasins/vivepillar-tap-23968in-4,additional_information,mm,True,valid,80.0,78.0,"Estimated planning score based on installation type, dimensions and spatial planning characteristics.","Estimated planning score based on available catalog features such as water-use information, product type and installation characteristics.",estimated_from_catalog
K-23967IN-4ND-CP,"KOHLER VIVE® Tall single-handle bathroom sink faucet, 5.5 lpm",faucet,10369.0,48,131,383.0,,,,kohler vive,,https://www.kohler.co.in/p/washbasins/vive-tall-single-handle-bathroom-sink-faucet-5-5-lpm-23967in-4nd,additional_information,mm,True,valid,80.0,78.0,"Estimated planning score based on installation type, dimensions and spatial planning characteristics.","Estimated planning score based on available catalog features such as water-use information, product type and installation characteristics.",estimated_from_catalog
K-23975IN-4ND-CP,"KOHLER VIVE® Wall-mount bathroom sink faucet, 5.5 lpm",faucet,10369.0,70,167,225.0,,,,kohler vive,,https://www.kohler.co.in/p/washbasins/vive-wall-mount-bathroom-sink-faucet-5-5-lpm-23975in-4nd,additional_information,mm,True,valid,80.0,78.0,"Estimated planning score based on installation type, dimensions and spatial planning characteristics.","Estimated planning score based on available catalog features such as water-use information, product type and installation characteristics.",estimated_from_catalog
K-23486IN-4ND-CP,"Parallel™ Wall-mount bathroom sink faucet, 9.0 lpm",faucet,12759.0,183,194,80.0,,,,parallel,,https://www.kohler.co.in/p/washbasins/parallel-wall-mount-sc-lav-faucet-23486in-4nd,additional_information,mm,True,valid,80.0,78.0,"Estimated planning score based on installation type, dimensions and spatial planning characteristics.","Estimated planning score based on available catalog features such as water-use information, product type and installation characteristics.",estimated_from_catalog
K-72425IN-CP,"Awaken™ B110 Three-function showerhead, 7.6 lpm",shower,4749.0,117,205,163.0,,,,,Showerhead features transitional nature-inspired design,https://www.kohler.co.in/p/showers/awaken-organic-multi-mode-showerhead-with-shower-arm-72425in,additional_information,mm,True,valid,72.0,76.0,"Estimated planning score based on installation type, dimensions and spatial planning characteristics.","Estimated planning score based on available catalog features such as water-use information, product type and installation characteristics.",estimated_from_catalog
K-16356IN-A-AF,"Complementary™ Single-function showerhead, 23.0 lpm",shower,2729.0,97,178,95.0,,,,complementary,"Versatile, contemporary design",https://www.kohler.co.in/p/showers/sf-showerhead-with-arm-escutcheon-16356in-a,additional_information,mm,True,valid,72.0,76.0,"Estimated planning score based on installation type, dimensions and spatial planning characteristics.","Estimated planning score based on available catalog features such as water-use information, product type and installation characteristics.",estimated_from_catalog
K-24547IN-CP,"Daisyfield™ Multifunction showerhead, 9.6 lpm",shower,1179.0,125,86,137.0,,,,daisyfield,,https://www.kohler.co.in/p/showers/daisyfield-multifunction-showerhead-9-6-lpm-24547in,,mm,True,valid,72.0,76.0,"Estimated planning score based on installation type, dimensions and spatial planning characteristics.","Estimated planning score based on available catalog features such as water-use information, product type and installation characteristics.",estimated_from_catalog
K-16351IN-CP,Finial Traditional 14 cm single-function showerhead (with shower arm and flange),shower,4559.0,140,258,196.0,,,,,,https://www.kohler.co.in/p/showers/finial-traditional-140mm-single-function-showerhead-with-shower-arm-and-flange-16351in,additional_information,mm,True,valid,72.0,76.0,"Estimated planning score based on installation type, dimensions and spatial planning characteristics.","Estimated planning score based on available catalog features such as water-use information, product type and installation characteristics.",estimated_from_catalog
K-22645IN-CP,"Parallel™ Square 12.7 cm single-function showerhead, 9.0 lpm",shower,3339.0,127,217,208.0,,,,parallel,,https://www.kohler.co.in/p/showers/parallel-square-127-mm-single-function-showerhead-9-0-lpm-22645in,additional_information,mm,True,valid,72.0,76.0,"Estimated planning score based on installation type, dimensions and spatial planning characteristics.","Estimated planning score based on available catalog features such as water-use information, product type and installation characteristics.",estimated_from_catalog
K-75924IN-CP,Rain Duet™ Multifunction Showerhead,shower,3319.0,127,127,76.0,,,,,The Rainduet delivers an invigorating spray for a great bathing experience. The modern look of the showerhead complements a wide variety of style lines.,https://www.kohler.co.in/p/showers/rainduet-multifunction-showerhead-75924in,additional_information,mm,True,valid,72.0,76.0,"Estimated planning score based on installation type, dimensions and spatial planning characteristics.","Estimated planning score based on available catalog features such as water-use information, product type and installation characteristics.",estimated_from_catalog
K-72438IN-AF,Rain Duet™ Round 17.8 cm single-function rainhead,shower,6949.0,225,235,110.0,,,,,Round 17.8 cm single-function rainhead,https://www.kohler.co.in/p/showers/rain-duet-round-178mm-single-function-rainhead-72438in,,mm,True,valid,72.0,76.0,"Estimated planning score based on installation type, dimensions and spatial planning characteristics.","Estimated planning score based on available catalog features such as water-use information, product type and installation characteristics.",estimated_from_catalog
K-26855IN-CP,"Rain Max Square 25.4 cm single-function rainhead, 22 lpm",shower,14549.0,254,254,132.4,,,,,,https://www.kohler.co.in/p/showers/rain-max-square-254-mm-single-function-rainhead-22-lpm-26855in,,mm,True,valid,72.0,76.0,"Estimated planning score based on installation type, dimensions and spatial planning characteristics.","Estimated planning score based on available catalog features such as water-use information, product type and installation characteristics.",estimated_from_catalog
K-26856IN-CP,"Rain Max Square 30.5 cm single-function rainhead, 22 lpm",shower,17479.0,310,310,54.0,,,,rain max,,https://www.kohler.co.in/p/showers/rain-max-square-305-mm-single-function-rainhead-22-lpm-26856in,additional_information,mm,True,valid,72.0,76.0,"Estimated planning score based on installation type, dimensions and spatial planning characteristics.","Estimated planning score based on available catalog features such as water-use information, product type and installation characteristics.",estimated_from_catalog
K-73199IN-CP,"Rainduet™ Contemporary square 20 cm single-function rainhead, 8.7 lpm",shower,4479.0,63,200,200.0,,,,rainduet,"Unique square 7.87 inch (20 cm) single-function rainhead creates a modern look | Contemporary square 20 cm single-function rainhead, 8.7 lpm | Contemporary square 20cm single function rainhead | Designed to provide an ideal flow of 9.5 liters per minute at 3 bar pressure.",https://www.kohler.co.in/p/showers/rainduet-contemporary-square-200-mm-single-function-rainhead-8-7-lpm-73199in,additional_information,mm,True,valid,72.0,76.0,"Estimated planning score based on installation type, dimensions and spatial planning characteristics.","Estimated planning score based on available catalog features such as water-use information, product type and installation characteristics.",estimated_from_catalog
K-73038IN-CL-CP,"Rainduet™ Edge Square 20.3 cm single-function rainhead, 9.5 lpm",shower,8279.0,61,203,203.0,,,,,,https://www.kohler.co.in/p/showers/rain-duet-edge-square-203-mm-single-function-rainhead-73038in-cl,additional_information,mm,True,valid,72.0,76.0,"Estimated planning score based on installation type, dimensions and spatial planning characteristics.","Estimated planning score based on available catalog features such as water-use information, product type and installation characteristics.",estimated_from_catalog
K-73040IN-CL-CP,"Rainduet™ Edge Square 25.4 cm single-function rainhead, 9.5 lpm",shower,11469.0,61,254,254.0,,,,rainduet edge,,https://www.kohler.co.in/p/showers/rainduet-edge-square-254-mm-single-function-rainhead-9-5-lpm-73040in-cl,additional_information,mm,True,valid,72.0,76.0,"Estimated planning score based on installation type, dimensions and spatial planning characteristics.","Estimated planning score based on available catalog features such as water-use information, product type and installation characteristics.",estimated_from_catalog
K-27724IN-CP,"Rainduet™ Five-function filtered showerhead, 12.0 lpm",shower,2369.0,123,138,123.0,,,,rainduet,"Versatile, contemporary design",https://www.kohler.co.in/p/showers/kohler-rain-duet-filter-shower-with-activated-charcoal-and-5-showering-modes-27724in,additional_information,mm,True,valid,72.0,76.0,"Estimated planning score based on installation type, dimensions and spatial planning characteristics.","Estimated planning score based on available catalog features such as water-use information, product type and installation characteristics.",estimated_from_catalog
K-26853IN-CP,"Rainduet™ Five-function showerhead, 14.0 lpm",shower,1269.0,99,99,98.0,,,,rainduet,"With measurements of 76 mm and 99 mm, this product is designed for the perfect fit.",https://www.kohler.co.in/p/showers/rainduet-five-function-showerhead-14-0-lpm-26853in,additional_information,mm,True,valid,72.0,76.0,"Estimated planning score based on installation type, dimensions and spatial planning characteristics.","Estimated planning score based on available catalog features such as water-use information, product type and installation characteristics.",estimated_from_catalog
K-73198IN-CP,"Rainduet™ Round 20.3 cm rainhead, 9.0 lpm",shower,4149.0,201,201,64.0,,,,,"Round 20.3 cm rainhead, 9.0 lpm | Rainduet round rainhead with katalyst air-induction technology. | Designed to provide an ideal flow of 9 liters per minute at 3 bar pressure. | The innovative design delivers the right amount of force and optimal coverage.",https://www.kohler.co.in/p/showers/203mm-round-katalyst-tm-rainhead-73198in,additional_information,mm,True,valid,72.0,82.0,"Estimated planning score based on installation type, dimensions and spatial planning characteristics.","Estimated planning score based on available catalog features such as water-use information, product type and installation characteristics.",estimated_from_catalog
K-23657IN-CP,"Rainduet™ Single-function showerhead, 17.4 lpm",shower,2519.0,122,202,160.0,,,,,,https://www.kohler.co.in/p/showers/rainduet-single-function-organic-showerhead-23657in,additional_information,mm,True,valid,72.0,76.0,"Estimated planning score based on installation type, dimensions and spatial planning characteristics.","Estimated planning score based on available catalog features such as water-use information, product type and installation characteristics.",estimated_from_catalog
K-26294IN-AF,"Statement™ Oblong 35.3 cm single-function rainhead, 9.5 lpm",shower,35559.0,353,203,95.0,,,,,,https://www.kohler.co.in/p/showers/statement-oblong-353-mm-single-function-rainhead-9-5-lpm-26294in,additional_information,mm,True,valid,72.0,76.0,"Estimated planning score based on installation type, dimensions and spatial planning characteristics.","Estimated planning score based on available catalog features such as water-use information, product type and installation characteristics.",estimated_from_catalog
K-26294T-2MB,"Statement™ Oblong 35.3 cm single-function rainhead, 9.5 lpm",shower,83500.0,354,203,95.0,,,,statement,,https://www.kohler.co.in/p/showers/statement-oblong-353-mm-single-function-rainhead-9-5-lpm-26294t,additional_information,mm,True,valid,72.0,76.0,"Estimated planning score based on installation type, dimensions and spatial planning characteristics.","Estimated planning score based on available catalog features such as water-use information, product type and installation characteristics.",estimated_from_catalog
K-26290IN-CP,"Statement™ Oblong three-function 20.2 cm showerhead, 9.5 lpm",shower,6299.0,202,140,94.0,,,,,,https://www.kohler.co.in/p/showers/statement-three-function-showerhead-9-5-lpm-26290in,additional_information,mm,True,valid,72.0,76.0,"Estimated planning score based on installation type, dimensions and spatial planning characteristics.","Estimated planning score based on available catalog features such as water-use information, product type and installation characteristics.",estimated_from_catalog
K-26290T-2MB,"Statement™ Oblong three-function showerhead, 9.5 lpm",shower,22300.0,205,140,94.0,,,,,,https://www.kohler.co.in/p/showers/statement-three-function-showerhead-9-5-lpm-26290t,additional_information,mm,True,valid,72.0,76.0,"Estimated planning score based on installation type, dimensions and spatial planning characteristics.","Estimated planning score based on available catalog features such as water-use information, product type and installation characteristics.",estimated_from_catalog
